Workbook

Sheet Pedidos
A1: id_pedido | B1: id_producto | C1: nombre producto | D1: id_municipio_origen | E1: nombre municipio | F1: id_barrio_destino | G1: nombre barrio | H1: direccion_exacta
A2: 101 | B2: P03 | C2: =VLOOKUP(B2, Productos!A:D, 2, FALSE) -> Tablet Pro | D2: 11001 | E2: =VLOOKUP(D2, Municipios!A:B, 2, 0) -> Bogotá | F2: 902 | G2: =VLOOKUP(F2, Barrio!A:B, 2, 0) -> Centro | H2: Calle 10 # 5-20
A3: 102 | B3: P13 | C3: =VLOOKUP(B3, Productos!A:D, 2, FALSE) -> Café Premium | D3: 41001 | E3: =VLOOKUP(D3, Municipios!A:B, 2, 0) -> Neiva | F3: 903 | G3: =VLOOKUP(F3, Barrio!A:B, 2, 0) -> Malasaña | H3: Calle del Pez 12
A4: 103 | B4: P11 | C4: =VLOOKUP(B4, Productos!A:D, 2, FALSE) -> Bicicleta de Montaña | D4: 5001 | E4: =VLOOKUP(D4, Municipios!A:B, 2, 0) -> Medellín | F4: 905 | G4: =VLOOKUP(F4, Barrio!A:B, 2, 0) -> Chapinero | H4: Cra 13 # 63-10
A5: 104 | B5: P02 | C5: =VLOOKUP(B5, Productos!A:D, 2, FALSE) -> Smartphone Z | D5: 28001 | E5: =VLOOKUP(D5, Municipios!A:B, 2, 0) -> Madrid | F5: 904 | G5: =VLOOKUP(F5, Barrio!A:B, 2, 0) -> Akihabara | H5: Chome-12-3
A6: 105 | B6: P15 | C6: =VLOOKUP(B6, Productos!A:D, 2, FALSE) -> Chocolate Suizo | D6: 13001 | E6: =VLOOKUP(D6, Municipios!A:B, 2, 0) -> Shinjuku | F6: 901 | G6: =VLOOKUP(F6, Barrio!A:B, 2, 0) -> El Poblado | H6: Calle 10 Sur # 43

Sheet Continentes
A1: id_continente | B1: nombre | C1: descripcion
A2: 1 | B2: América | C2: Norte, Centro y Suramérica
A3: 2 | B3: Europa | C3: Unión Europea y otros
A4: 3 | B4: Asia | C4: Incluye principales proveedores
A5: 4 | B5: África | C5: Mercado emergente
A6: 5 | B6: Oceanía | C6: Islas y Australia

Sheet Paises
A1: id_pais | B1: nombre | C1: id_continente | D1: nombre continente
A2: 57 | B2: Colombia | C2: 1 | D2: =VLOOKUP(C2, Continentes!A:B, 2, 0) -> América
A3: 34 | B3: España | C3: 2 | D3: =VLOOKUP(C3, Continentes!A:B, 2, 0) -> Europa
A4: 52 | B4: México | C4: 1 | D4: =VLOOKUP(C4, Continentes!A:B, 2, 0) -> América
A5: 54 | B5: Argentina | C5: 1 | D5: =VLOOKUP(C5, Continentes!A:B, 2, 0) -> América
A6: 33 | B6: Francia | C6: 2 | D6: =VLOOKUP(C6, Continentes!A:B, 2, 0) -> Europa
A7: 81 | B7: Japón | C7: 3 | D7: =VLOOKUP(C7, Continentes!A:B, 2, 0) -> Asia
A8: 20 | B8: Egipto | C8: 4 | D8: =VLOOKUP(C8, Continentes!A:B, 2, 0) -> África

Sheet Departamentos
A1: id_departamento | B1: nombre | C1: descripción | D1: id_pais | E1: nombre pais
A2: 5 | B2: Antioquia | D2: 57 | E2: =VLOOKUP(D3, Paises!A:B, 2, 0) -> Colombia
A3: 41 | B3: Huila | C3: Departamento del Alto Magdalena | D3: 57 | E3: =VLOOKUP(D3, Paises!A:B, 2, 0) -> Colombia
A4: 11 | B4: Bogotá D.C. | C4: Distrito Capital | D4: 57 | E4: =VLOOKUP(D4, Paises!A:B, 2, 0) -> Colombia
A5: 08 | B5: Atlántico | C5: Región Caribe | D5: 57 | E5: =VLOOKUP(D5, Paises!A:B, 2, 0) -> Colombia
A6: 28 | B6: Madrid | C6: Comunidad Capital | D6: 34 | E6: =VLOOKUP(D6, Paises!A:B, 2, 0) -> España
A7: 080 | B7: Barcelona | C7: Cataluña | D7: 34 | E7: =VLOOKUP(D7, Paises!A:B, 2, 0) -> España
A8: 09 | B8: Ciudad de México | C8: Valle de México | D8: 52 | E8: =VLOOKUP(D8, Paises!A:B, 2, 0) -> México
A9: 14 | B9: Jalisco | C9: Región Occidente | D9: 52 | E9: =VLOOKUP(D9, Paises!A:B, 2, 0) -> México
A10: 13 | B10: Tokio | C10: Región de Kanto | D10: 81 | E10: =VLOOKUP(D10, Paises!A:B, 2, 0) -> Japón
A11: 27 | B11: Osaka | C11: Región de Kansai | D11: 81 | E11: =VLOOKUP(D11, Paises!A:B, 2, 0) -> Japón

Sheet Municipios
A1: id_municipios | B1: nombre | C1: descripción | D1: id_departamentos | E1: nombre departamento
A2: 41001 | B2: Neiva | C2: Capital Bambuquera de América | D2: 41 | E2: =VLOOKUP(D2, Departamentos!A:B, 2, 0) -> Huila
A3: 5001 | B3: Medellín | C3: Valle de Aburrá | D3: 5 | E3: =VLOOKUP(D3, Departamentos!A:B, 2, 0) -> Antioquia
A4: 5002 | B4: Envigado | C4: Municipio vecino de Medellín | D4: 5 | E4: =VLOOKUP(D4, Departamentos!A:B, 2, 0) -> Antioquia
A5: 11001 | B5: Bogotá | C5: Capital de la República | D5: 11 | E5: =VLOOKUP(D5, Departamentos!A:B, 2, 0) -> Bogotá D.C.
A6: 8001 | B6: Barranquilla | C6: Puerta de Oro de Colombia | D6: 08 | E6: =VLOOKUP(D6, Departamentos!A:B, 2, 0) -> Atlántico
A7: 28001 | B7: Madrid | C7: Capital de España | D7: 28 | E7: =VLOOKUP(D7, Departamentos!A:B, 2, 0) -> Madrid
A8: 9001 | B8: Ciudad de México | C8: Alcaldía Cuauhtémoc | D8: 09 | E8: =VLOOKUP(D8, Departamentos!A:B, 2, 0) -> Ciudad de México
A9: 14001 | B9: Guadalajara | C9: Perla Tapatía | D9: 14 | E9: =VLOOKUP(D9, Departamentos!A:B, 2, 0) -> Jalisco
A10: 13001 | B10: Shinjuku | C10: Distrito comercial de Tokio | D10: 13 | E10: =VLOOKUP(D10, Departamentos!A:B, 2, 0) -> Tokio
A11: 13002 | B11: Shibuya | C11: Famoso cruce peatonal | D11: 13 | E11: =VLOOKUP(D11, Departamentos!A:B, 2, 0) -> Tokio
A12: 27001 | B12: Osaka | C12: Capital Gastronómica | D12: 27 | E12: =VLOOKUP(D12, Departamentos!A:B, 2, 0) -> Osaka

Sheet Barrio
A1: id_barrio | B1: nombre | C1: descripción | D1: id_municipio | E1: nombre municipio
A2: 901 | B2: El Poblado | C2: Comuna 14 de Medellín | D2: 5001 | E2: =VLOOKUP(D2, Municipios!A:B, 2, 0) -> Medellín
A3: 902 | B3: Centro | C3: Centro histórico de Neiva | D3: 41001 | E3: =VLOOKUP(D3, Municipios!A:B, 2, 0) -> Neiva
A4: 903 | B4: Malasaña | C4: Barrio bohemio de Madrid | D4: 28001 | E4: =VLOOKUP(D4, Municipios!A:B, 2, 0) -> Madrid
A5: 904 | B5: Akihabara | C5: Distrito electrónico de Tokio | D5: 13001 | E5: =VLOOKUP(D5, Municipios!A:B, 2, 0) -> Shinjuku
A6: 905 | B6: Chapinero | C6: Localidad 2 de Bogotá | D6: 11001 | E6: =VLOOKUP(D6, Municipios!A:B, 2, 0) -> Bogotá

Sheet Productos
A1: id_producto | B1: nombre | C1: precio | D1: descripción
A2: P01 | B2: Laptop X | C2: 3500000 | D2: Procesador i7, 16GB RAM
A3: P02 | B3: Smartphone Z | C3: 1800000 | D3: Pantalla OLED 6.5", 128GB
A4: P03 | B4: Tablet Pro | C4: 2200000 | D4: Incluye lápiz óptico
A5: P04 | B5: Monitor 4K | C5: 1500000 | D5: 27 pulgadas, HDR10
A6: P05 | B6: Cafetera Express | C6: 450000 | D6: Acero inoxidable, 15 bares
A7: P06 | B7: Aspiradora Robot | C7: 950000 | D7: Sensores láser y mapeo
A8: P07 | B8: Juego de Comedor | C8: 1200000 | D8: Madera roble, 4 puestos
A9: P08 | B9: Tenis Running | C9: 320000 | D9: Amortiguación gel, talla 40
A10: P09 | B10: Chaqueta Cuero | C10: 280000 | D10: Sintético, color negro
A11: P10 | B11: Reloj Inteligente | C11: 600000 | D11: Resistente al agua, GPS
A12: P11 | B12: Bicicleta de Montaña | C12: 1400000 | D12: Marco aluminio, 21 cambios
A13: P12 | B13: Set de Pesas | C13: 250000 | D13: 20kg con maletín
... A16: P15 | B16: Chocolate Suizo | C16: 25000 | D16: 70% Cacao, edición lujo
